{"cameraMode":{"drawMode":0,"name":"Shaded","section":"Shading Mode"},"sceneLighting":true,"audioPlay":false,"sceneViewState":{"m_AlwaysRefresh":false,"showFog":true,"showSkybox":true,"showFlares":true,"showImageEffects":true,"showParticleSystems":true,"showVisualEffectGraphs":true,"m_FxEnabled":true},"in2DMode":false,"pivot":{"x":6.300869941711426,"y":-2.0317907333374025,"z":24.555992126464845},"rotation":{"x":-0.1377967894077301,"y":-0.03357860445976257,"z":0.004631299525499344,"w":-0.9899213910102844},"size":24.623714447021486,"orthographic":false}